<?xml version="1.0" encoding="UTF-8"?><?xml-stylesheet type='text/xsl' href='_UpgradeReport_Files/UpgradeReport.xslt'?><UpgradeLog>
<Properties><Property Name="Solution" Value="MSGateClient">
</Property><Property Name="Solution File" Value="D:\DEMOMSGATEWAY\MSGateClient\MSGateClient.sln">
</Property><Property Name="Date" Value="Thursday, May 17, 2012">
</Property><Property Name="Time" Value="13:49:30 PM">
</Property></Properties><Event ErrorLevel="0" Project="MSGateClient" Source="MSGateClient.csproj" Description="Project file successfully backed up as D:\DEMOMSGATEWAY\MSGateClient\Backup\MSGateClient.csproj">
</Event><Event ErrorLevel="0" Project="MSGateClient" Source="Cryption.cs" Description="File successfully backed up as D:\DEMOMSGATEWAY\MSGateClient\Backup\Cryption.cs">
</Event><Event ErrorLevel="0" Project="MSGateClient" Source="Form1.cs" Description="File successfully backed up as D:\DEMOMSGATEWAY\MSGateClient\Backup\Form1.cs">
</Event><Event ErrorLevel="0" Project="MSGateClient" Source="Form1.Designer.cs" Description="File successfully backed up as D:\DEMOMSGATEWAY\MSGateClient\Backup\Form1.Designer.cs">
</Event><Event ErrorLevel="0" Project="MSGateClient" Source="Program.cs" Description="File successfully backed up as D:\DEMOMSGATEWAY\MSGateClient\Backup\Program.cs">
</Event><Event ErrorLevel="0" Project="MSGateClient" Source="Properties\AssemblyInfo.cs" Description="File successfully backed up as D:\DEMOMSGATEWAY\MSGateClient\Backup\Properties\AssemblyInfo.cs">
</Event><Event ErrorLevel="0" Project="MSGateClient" Source="Properties\Resources.Designer.cs" Description="File successfully backed up as D:\DEMOMSGATEWAY\MSGateClient\Backup\Properties\Resources.Designer.cs">
</Event><Event ErrorLevel="0" Project="MSGateClient" Source="Properties\Settings.Designer.cs" Description="File successfully backed up as D:\DEMOMSGATEWAY\MSGateClient\Backup\Properties\Settings.Designer.cs">
</Event><Event ErrorLevel="0" Project="MSGateClient" Source="Service References\MSGatewayProxy\Reference.cs" Description="File successfully backed up as D:\DEMOMSGATEWAY\MSGateClient\Backup\Service References\MSGatewayProxy\Reference.cs">
</Event><Event ErrorLevel="0" Project="MSGateClient" Source="app.config" Description="File successfully backed up as D:\DEMOMSGATEWAY\MSGateClient\Backup\app.config">
</Event><Event ErrorLevel="0" Project="MSGateClient" Source="Properties\Settings.settings" Description="File successfully backed up as D:\DEMOMSGATEWAY\MSGateClient\Backup\Properties\Settings.settings">
</Event><Event ErrorLevel="0" Project="MSGateClient" Source="Service References\MSGatewayProxy\configuration.svcinfo" Description="File successfully backed up as D:\DEMOMSGATEWAY\MSGateClient\Backup\Service References\MSGatewayProxy\configuration.svcinfo">
</Event><Event ErrorLevel="0" Project="MSGateClient" Source="Service References\MSGatewayProxy\MSFunction1.wsdl" Description="File successfully backed up as D:\DEMOMSGATEWAY\MSGateClient\Backup\Service References\MSGatewayProxy\MSFunction1.wsdl">
</Event><Event ErrorLevel="0" Project="MSGateClient" Source="Service References\MSGatewayProxy\MSGateClient.MSGatewayProxy.CheckAccountResponse.datasource" Description="File successfully backed up as D:\DEMOMSGATEWAY\MSGateClient\Backup\Service References\MSGatewayProxy\MSGateClient.MSGatewayProxy.CheckAccountResponse.datasource">
</Event><Event ErrorLevel="0" Project="MSGateClient" Source="Service References\MSGatewayProxy\MSGateClient.MSGatewayProxy.CheckTransactionResponse.datasource" Description="File successfully backed up as D:\DEMOMSGATEWAY\MSGateClient\Backup\Service References\MSGatewayProxy\MSGateClient.MSGatewayProxy.CheckTransactionResponse.datasource">
</Event><Event ErrorLevel="0" Project="MSGateClient" Source="Service References\MSGatewayProxy\MSGateClient.MSGatewayProxy.LoginResponse.datasource" Description="File successfully backed up as D:\DEMOMSGATEWAY\MSGateClient\Backup\Service References\MSGatewayProxy\MSGateClient.MSGatewayProxy.LoginResponse.datasource">
</Event><Event ErrorLevel="0" Project="MSGateClient" Source="Service References\MSGatewayProxy\MSGateClient.MSGatewayProxy.StandardMSResponse.datasource" Description="File successfully backed up as D:\DEMOMSGATEWAY\MSGateClient\Backup\Service References\MSGatewayProxy\MSGateClient.MSGatewayProxy.StandardMSResponse.datasource">
</Event><Event ErrorLevel="0" Project="MSGateClient" Source="Service References\MSGatewayProxy\Reference.svcmap" Description="File successfully backed up as D:\DEMOMSGATEWAY\MSGateClient\Backup\Service References\MSGatewayProxy\Reference.svcmap">
</Event><Event ErrorLevel="0" Project="MSGateClient" Source="Form1.resx" Description="File successfully backed up as D:\DEMOMSGATEWAY\MSGateClient\Backup\Form1.resx">
</Event><Event ErrorLevel="0" Project="MSGateClient" Source="Properties\Resources.resx" Description="File successfully backed up as D:\DEMOMSGATEWAY\MSGateClient\Backup\Properties\Resources.resx">
</Event><Event ErrorLevel="0" Project="MSGateClient" Source="MSGateClient.csproj" Description="Project converted successfully">
</Event><Event ErrorLevel="3" Project="MSGateClient" Source="MSGateClient.csproj" Description="Converted">
</Event><Event ErrorLevel="0" Project="MSGateClient" Source="MSGateClient.csproj" Description="Scan complete: Upgrade not required for project files.">
</Event></UpgradeLog>