﻿<?xml version="1.0" encoding="utf-8"?>
<JustCodeSettings Version="0.0" Timestamp="ea979689-da52-4e5c-b652-4b54e1780b9e">
  <IgnoredErrorsAndWarningsSettings xmlns:i="http://www.w3.org/2001/XMLSchema-instance">
    <IgnoredErrorsAndWarnings>
      <FilePath>
        <Path>E:\PHUNG\M_Service Project\MS Gateway\MSGateClient_nguyenkim\MSGateClient\Form3.cs</Path>
        <ProjectFullName>E:\PHUNG\M_Service Project\MS Gateway\MSGateClient_nguyenkim\MSGateClient\MSGateClient.csproj</ProjectFullName>
        <IgnoredElement>
          <Column>29</Column>
          <Text>This member can not be referenced from a static-context</Text>
          <Line>57</Line>
        </IgnoredElement>
        <IgnoredElement>
          <Column>29</Column>
          <Text>Missing 'this.' qualifier</Text>
          <Line>57</Line>
        </IgnoredElement>
        <IgnoredElement>
          <Column>29</Column>
          <Text>This member can not be referenced from a static-context</Text>
          <Line>59</Line>
        </IgnoredElement>
        <IgnoredElement>
          <Column>29</Column>
          <Text>Missing 'this.' qualifier</Text>
          <Line>59</Line>
        </IgnoredElement>
        <IgnoredElement>
          <Column>27</Column>
          <Text>Unknown entity &lt;/C&gt;txtTransBillpay&lt;//C&gt;</Text>
          <Line>61</Line>
        </IgnoredElement>
        <IgnoredElement>
          <Column>37</Column>
          <Text>This member can not be referenced from a static-context</Text>
          <Line>58</Line>
        </IgnoredElement>
        <IgnoredElement>
          <Column>37</Column>
          <Text>Missing 'this.' qualifier</Text>
          <Line>58</Line>
        </IgnoredElement>
      </FilePath>
    </IgnoredErrorsAndWarnings>
  </IgnoredErrorsAndWarningsSettings>
</JustCodeSettings>